Model,Test Accuracy,Precision,Recall,F1 Score,Train AUC,Test AUC
Logistic Regression,0.7061611374407583,0.719480971788676,0.7061611374407583,0.6847460055339839,0.9995083261039465,0.8106450143223443
Random Forest,0.693522906793049,0.702524072221971,0.693522906793049,0.6693066196711999,0.9994537140719237,0.8050393874488423
SVM,0.7030015797788309,0.6921481908089768,0.7030015797788309,0.6826437961161088,0.9950310115244636,0.818457573374805
